date,return,VaR_normal,VaR_t,exceed_normal,exceed_t
2022-10-06,-0.0079040773930687,-0.036521661215532325,-0.0713192078750838,0,0
2022-10-07,-0.0388490377076289,-0.03646300633472378,-0.07122380425036087,1,0
2022-10-10,-0.0100465474616413,-0.03675232824591469,-0.07168275765067526,0,0
2022-10-11,-0.0138333600827147,-0.03679312064386112,-0.07173337828454178,0,0
2022-10-12,-0.0003428626125332,-0.03684403815527026,-0.0717779962412127,0,0
2022-10-13,0.0231817928903748,-0.03676801400001785,-0.07157153971770927,0,0
2022-10-14,-0.0305185745834188,-0.03680200864489346,-0.07168173817208616,0,0
2022-10-17,0.032488138759513,-0.0369706939021261,-0.07196919142399759,0,0
2022-10-18,0.0078769269000238,-0.037041940721922344,-0.07218232955369279,0,0
2022-10-19,-0.0036534995381423,-0.03702046932628429,-0.07216567655593337,0,0
2022-10-20,-0.005114798759199,-0.03695790314763169,-0.07206774246165575,0,0
2022-10-21,0.0231769747735883,-0.03697527994495572,-0.0720879451088007,0,0
2022-10-24,0.0109413008474481,-0.03700621093792341,-0.07219355088878372,0,0
2022-10-25,0.0204747358923222,-0.03700190388443275,-0.07220587529731927,0,0
2022-10-26,-0.0223440608234781,-0.037025425821852545,-0.07228673697119911,0,0
2022-10-27,-0.018373689966717,-0.03707905507990047,-0.07237775051978779,0,0
2022-10-28,0.0301417336317522,-0.03717087991791036,-0.0725075900504475,0,0
2022-10-31,-0.0116959786095058,-0.03693427671487999,-0.07217780411255353,0,0
2022-11-01,-0.0102702095244913,-0.03696866145211253,-0.07219008966352561,0,0
2022-11-02,-0.0348784589382402,-0.036857302228075185,-0.07200185407322121,0,0
2022-11-03,-0.0197282006312891,-0.037106977720700554,-0.07241911140022915,0,0
2022-11-04,0.0159569561069874,-0.037193422857439803,-0.07251819278125649,0,0
2022-11-07,0.0109345538160408,-0.03700767483173711,-0.07210329730571145,0,0
2022-11-08,0.0072608784817687,-0.03695726192990103,-0.07197694310495528,0,0
2022-11-09,-0.0233469678563826,-0.036952252634581295,-0.07197946820882649,0,0
2022-11-10,0.0711932833193111,-0.03697482764725059,-0.07201842878937212,0,0
2022-11-11,0.0182586036944227,-0.037484620725185776,-0.07318206901924297,0,0
2022-11-14,-0.0087900107974006,-0.03746995729591843,-0.073146149796637,0,0
2022-11-15,0.0137435177872307,-0.03748596670520958,-0.07316968255095523,0,0
2022-11-16,-0.0137435177872307,-0.03749213923400429,-0.07319119101319431,0,0
2022-11-17,-0.0022095739264695,-0.03755316173162474,-0.07326966317179591,0,0
2022-11-18,3.5271960744154285e-05,-0.037550504765628434,-0.07326630420406713,0,0
2022-11-21,-0.0103403878023558,-0.03752788698943374,-0.07323623379814018,0,0
2022-11-22,0.0143000721017676,-0.03757031224015197,-0.07328479240308465,0,0
2022-11-23,0.0099865035199027,-0.03755100541042055,-0.0732870789570566,0,0
2022-11-25,-0.0065999986868074,-0.03754551182941825,-0.07329515178792227,0,0
2022-11-28,-0.014781948313054,-0.0375646350879367,-0.07329366266706056,0,0
2022-11-29,-0.0075986535974807,-0.037631701894310504,-0.07338507683900242,0,0
2022-11-30,0.0445771732116879,-0.03766078954374853,-0.0734101786629196,0,0
2022-12-01,0.0012267506466976,-0.03785953367493559,-0.07387843950025837,0,0
2022-12-02,-0.003991444379066,-0.03785946416318067,-0.07385656906802948,0,0
2022-12-05,-0.0169261032088101,-0.03787188963498006,-0.07387085735508332,0,0
2022-12-06,-0.0209377159379702,-0.03794827787422714,-0.07398531928586036,0,0
2022-12-07,-0.0040912278902354,-0.038056862665243885,-0.07415003792535574,0,0
2022-12-08,0.0117654633543073,-0.03807363133024308,-0.07416437673222731,0,0
2022-12-09,-0.0063970910089246,-0.038075326134839896,-0.0741835233438318,0,0
2022-12-12,0.0124733366774414,-0.03797466080127974,-0.07401820936678108,0,0
2022-12-13,0.010692777264361,-0.037977880836144146,-0.07404048193164167,0,0
2022-12-14,-0.0074415922847226,-0.03796805526648425,-0.07404568623343442,0,0
2022-12-15,-0.0341529332108123,-0.03799727151007164,-0.07407500456089802,0,0
2022-12-16,-0.0095803640366431,-0.038233290712822735,-0.07445109898945887,0,0
2022-12-19,-0.0141530773120415,-0.038271042646531764,-0.07449633283009831,0,0
2022-12-20,-0.0007790184164058,-0.03833295043340784,-0.07457813205751843,0,0
2022-12-21,0.0144020001439884,-0.03832744338830976,-0.07457162891496304,0,0
2022-12-22,-0.0247693114106617,-0.038324967915967546,-0.07459753251002457,0,0
2022-12-23,0.0022466315364209,-0.03846291120051074,-0.07481487103850541,0,0
2022-12-27,-0.0142390071282756,-0.038446106591579154,-0.07479584873452963,0,0
2022-12-28,-0.013290708896342,-0.03850741728433781,-0.07488031094931435,0,0
2022-12-29,0.0240827053063981,-0.03856228903634225,-0.07494337275968176,0,0
2022-12-30,-0.0006007303649839,-0.03859962116886926,-0.07506003201253908,0,0
2023-01-03,-0.0067824676957748,-0.038600874388346876,-0.07506128330544273,0,0
2023-01-04,0.0047525532103014,-0.038624016731758484,-0.07508900377334911,0,0
2023-01-05,-0.0157780830507414,-0.038562762895492,-0.07500527761414316,0,0
2023-01-06,0.0272272886384339,-0.03863378496455577,-0.07509859805737693,0,0
2023-01-09,0.0064522744196962,-0.03863190452416587,-0.07517269388771027,0,0
2023-01-10,0.0084286217999629,-0.03859109483354371,-0.07506007991617272,0,0
2023-01-11,0.0171523817843777,-0.038586457021912324,-0.07504281740727757,0,0
2023-01-12,0.0053898040413278,-0.03853735278898682,-0.07500685582054845,0,0
2023-01-13,0.0068571555423231,-0.03852763964812407,-0.0750010824660892,0,0
2023-01-17,0.002026675109187,-0.03852763691144128,-0.0750013162493831,0,0
2023-01-18,-0.0130849875340706,-0.03850994322263819,-0.07498073426728395,0,0
2023-01-19,-0.0098730143926681,-0.038534965757999154,-0.07501988183498726,0,0
2023-01-20,0.0269988518494379,-0.03856599501773337,-0.07503444514372158,0,0
2023-01-23,0.0219727647380425,-0.03858637155322785,-0.07508177947518967,0,0
2023-01-24,-0.002043765042818,-0.03861816198440436,-0.0751702799491155,0,0
2023-01-25,-0.0022217680924239,-0.03861596533269752,-0.0751675803083136,0,0
2023-01-26,0.0193096544084854,-0.038627260205630565,-0.0751698826367698,0,0
2023-01-27,0.0099052008615361,-0.0386447493689369,-0.07523772656273721,0,0
2023-01-30,-0.0204259776050728,-0.03847268755763952,-0.0749739891488821,0,0
2023-01-31,0.0148750022359545,-0.038577310030567386,-0.0751284791097337,0,0
2023-02-01,0.021158209424799,-0.038474754564513665,-0.07499655485066709,0,0
2023-02-02,0.0352607327645078,-0.038459037631015526,-0.07495922595967251,0,0
2023-02-03,-0.0179321450683884,-0.03855885336687894,-0.07519008377444081,0,0
2023-02-06,-0.0084951131059893,-0.03862883334945286,-0.07530031576157417,0,0
2023-02-07,0.0205069951836947,-0.03865911554484906,-0.07532117345689388,0,0
2023-02-08,-0.0179412110814674,-0.038682724989407974,-0.0753995910833422,0,0
2023-02-09,-0.0088770749817053,-0.038769235759371745,-0.0755219532499231,0,0
2023-02-10,-0.0065847049250375,-0.0387969819960342,-0.07555974070270076,0,0
2023-02-13,0.0158888222303748,-0.03881060902079129,-0.07557821174902672,0,0
2023-02-14,0.0073620435282455,-0.038821362348601895,-0.07561885016083453,0,0
2023-02-15,0.0076320214495719,-0.03882110673259114,-0.0756217286244736,0,0
2023-02-16,-0.0189426400710921,-0.03880808703740804,-0.07561584527092735,0,0
2023-02-17,-0.007080591934689,-0.03888210928627944,-0.0757336349376184,0,0
2023-02-21,-0.0239598054706196,-0.03889162741959319,-0.07574711571360937,0,0
2023-02-22,0.0007477945079292,-0.03900633269949193,-0.0759340083403693,0,0
2023-02-23,0.0086960575450927,-0.03885863616790117,-0.07569673617461181,0,0
2023-02-24,-0.0168859472742477,-0.03884519473015173,-0.07569255510956877,0,0
2023-02-27,0.0071356006042764,-0.03892406754266238,-0.0757991085143424,0,0
2023-02-28,-0.0012933986775474,-0.038673369662760936,-0.0753902750886948,0,0
2023-03-01,-0.0080718643732602,-0.03868186981022072,-0.07539653095549366,0,0
2023-03-02,0.0082419131958602,-0.03864176625214823,-0.07524703474767848,0,0
2023-03-03,0.0204630088360575,-0.03856740643936334,-0.07514799697771869,0,0
2023-03-06,0.0011339103921264,-0.038406877865175555,-0.07492893304482937,0,0
2023-03-07,-0.012341675295203,-0.038334039950528406,-0.07482007167093976,0,0
2023-03-08,0.0049818218711878,-0.03837799318755986,-0.07485432124675642,0,0
2023-03-09,-0.0174779314990924,-0.03819906706286109,-0.07456873767096268,0,0
2023-03-10,-0.0141429623938043,-0.03814206478040807,-0.07435141081942581,0,0
2023-03-13,0.0073890970962766,-0.038191163479548616,-0.07442593298331467,0,0
2023-03-14,0.0227198942533473,-0.03815559592419481,-0.07432746130833284,0,0
2023-03-15,0.0052322307362535,-0.038158935398404654,-0.07439227170022614,0,0
2023-03-16,0.0260190719140984,-0.03815742117576239,-0.07437912907491973,0,0
2023-03-17,-0.0047370277738378,-0.038208318361418456,-0.07451727533898025,0,0
2023-03-20,0.0035423684040969,-0.038226473205026014,-0.0745360043247156,0,0
2023-03-21,0.0141812794315239,-0.0380234858605953,-0.07420524522705091,0,0
2023-03-22,-0.0136911406057338,-0.038028981310525345,-0.07423610845684567,0,0
2023-03-23,0.0117883526524584,-0.0380705314769646,-0.07425626189439562,0,0
2023-03-24,0.0036735228847755,-0.03805556593330467,-0.07425757204565442,0,0
2023-03-27,-0.0068749444292341,-0.037975585657063604,-0.07414052323918005,0,0
2023-03-28,-0.0053257665795802,-0.037992060481737686,-0.07416296933933904,0,0
2023-03-29,0.0180701165239298,-0.03800477845985933,-0.07414961537419353,0,0
2023-03-30,0.0094203364063369,-0.03801455930694519,-0.07420337114832463,0,0
2023-03-31,0.0164942937905729,-0.03799471560137306,-0.07419195960772099,0,0
2023-04-03,-0.0024335263809431,-0.0379979570832046,-0.0742007564157458,0,0
2023-04-04,-0.0033789910094368,-0.03799689798903594,-0.07416217013898083,0,0
2023-04-05,-0.0099214059176695,-0.03798901338307505,-0.07410306497488507,0,0
2023-04-06,0.0067194563205204,-0.038021028542765144,-0.07414812836235783,0,0
2023-04-10,-0.0005661845350592,-0.03801812552689279,-0.07415059166604505,0,0
2023-04-11,-0.0064383797510689,-0.038024433538155454,-0.07414223129049761,0,0
2023-04-12,-0.0088731681344107,-0.03804956954107253,-0.07416772679231262,0,0
2023-04-13,0.019392956149919,-0.03807524096894058,-0.07420354227394267,0,0
2023-04-14,-0.0018816048299701,-0.03809416705552839,-0.07425519001389,0,0
2023-04-17,0.0008470485909795,-0.038054069703802464,-0.0741961884859554,0,0
2023-04-18,6.27661854863959e-05,-0.038049935340645775,-0.07416131048236908,0,0
2023-04-19,-0.000470550834974,-0.038051903937894226,-0.07416306133177646,0,0
2023-04-20,-0.007653601026468,-0.0380229229589223,-0.07412296993110071,0,0
2023-04-21,0.0010427298397521,-0.03802430167819288,-0.07412502210437484,0,0
2023-04-24,-0.00208654810005,-0.0380287891845891,-0.07411965049253633,0,0
2023-04-25,-0.0190441333191619,-0.03798894242202971,-0.07406083912639774,0,0
2023-04-26,0.0060466376810675,-0.038079639845654774,-0.07417827262610138,0,0
2023-04-27,0.0268276004263992,-0.03807971307116389,-0.07417757859142436,0,0
2023-04-28,0.0068749551595876,-0.03811806657706348,-0.07431130568460362,0,0
2023-05-01,-0.0011477088336118,-0.03810300400795582,-0.07430128586034253,0,0
2023-05-02,-0.008759908435854,-0.03811066771539413,-0.07430729199186924,0,0
2023-05-03,-0.0065653213966605,-0.03811967686572607,-0.07432075184379452,0,0
2023-05-04,-0.0035361867170058,-0.03812413631129486,-0.0743271420554565,0,0
2023-05-05,0.0210316604065976,-0.03805062146812371,-0.07421126948623961,0,0
2023-05-08,0.0024745387434945,-0.03806332536438601,-0.07428214688255558,0,0
2023-05-09,-0.0063532639015964,-0.03806619662093086,-0.07427824292922855,0,0
2023-05-10,0.0108229900161056,-0.03809116537810649,-0.07429971664735516,0,0
2023-05-11,0.0032547583335347,-0.03794320956393932,-0.07407967639940975,0,0
2023-05-12,-0.0035931606366794,-0.03793520344372545,-0.0740728072339886,0,0
2023-05-15,0.0054000791773169,-0.03779441935468855,-0.07384075690941634,0,0
2023-05-16,0.0011317520049747,-0.037794757999075626,-0.07383707101104231,0,0
2023-05-17,0.0120314115150801,-0.037768642329590554,-0.07374699337056512,0,0
2023-05-18,0.0184028581704849,-0.03774775303020476,-0.07374043496110816,0,0
2023-05-19,-0.0022557410010843,-0.03773870225228721,-0.07377031824303597,0,0
2023-05-22,0.0033524370871607,-0.037746098567192334,-0.07377832638193345,0,0
2023-05-23,-0.0127574155932164,-0.03772737774142571,-0.0737119342965362,0,0
2023-05-24,-0.0051427791131484,-0.037760554701590905,-0.07376307970987017,0,0
2023-05-25,0.0240416700178762,-0.03776835525940954,-0.07373709177496897,0,0
2023-05-26,0.0252294113236013,-0.03780488973402117,-0.07385119627956568,0,0
2023-05-30,0.0045249546145473,-0.03784962735560967,-0.07397959820221267,0,0
2023-05-31,-0.0057024202636322,-0.03783385034015924,-0.07396442834911258,0,0
2023-06-01,0.0114856925660218,-0.03785489805891669,-0.07398879360474539,0,0
2023-06-02,0.0074717497212297,-0.03784208186326335,-0.07399175793793587,0,0
2023-06-05,0.000704780709956,-0.03783826108082062,-0.07399472649486183,0,0
2023-06-06,-0.0001690112765793,-0.037800211427315766,-0.07394154528249477,0,0
2023-06-07,-0.0171109780951201,-0.03779461041471869,-0.07389851382227179,0,0
2023-06-08,0.0123369386469489,-0.037875288588991085,-0.07401805112795515,0,0
2023-06-09,0.0038153902567961,-0.03787287672584314,-0.07403574561278628,0,0
2023-06-12,0.0167559266653753,-0.03786770319447781,-0.0740324046858664,0,0
2023-06-13,0.0076547079252184,-0.037879267697525185,-0.07406704406491098,0,0
2023-06-14,0.0072411868537356,-0.037876367603206354,-0.07407090811959806,0,0
2023-06-15,0.0118453428504752,-0.03787557850656505,-0.07406503173439369,0,0
2023-06-16,-0.0063128321709395,-0.03785197967872206,-0.07405371646596641,0,0
2023-06-20,-0.0014325174243721,-0.03786111435428698,-0.07406653392184435,0,0
2023-06-21,-0.0137216130739741,-0.03786744349493363,-0.07405235211675526,0,0
2023-06-22,0.0117299046284786,-0.03789709282450818,-0.07409918762867983,0,0
2023-06-23,-0.0099628437917775,-0.03789989292472932,-0.07411510486785934,0,0
2023-06-26,-0.0134961460695599,-0.037940622540930204,-0.07415826404101304,0,0
2023-06-27,0.0170480535162704,-0.037994404476666625,-0.07423682615327029,0,0
2023-06-28,0.0019496827461908,-0.03800813534804833,-0.07428418306016446,0,0
2023-06-29,-0.0020047854289488,-0.03800205420470894,-0.07427831860654907,0,0
2023-06-30,0.0153025635936572,-0.03801036868838831,-0.07426793069510586,0,0
2023-07-03,0.0023522515298033,-0.03801802268195611,-0.07430494896522771,0,0
2023-07-05,-2.6986756898494942e-05,-0.038010531571887815,-0.07429775157516966,0,0
2023-07-06,-0.0076451156475156,-0.03801136035361121,-0.07429857215181339,0,0
2023-07-07,-0.0033255772311964,-0.03803955449444639,-0.07431760951858173,0,0
2023-07-10,0.0003275331227934,-0.03805378913518072,-0.07433096765778546,0,0
2023-07-11,0.0049285695336704,-0.038056738758336775,-0.07433336289617441,0,0
2023-07-12,0.012550911072843,-0.03803298983979517,-0.07430775732963568,0,0
2023-07-13,0.0168361340122844,-0.03803702046942785,-0.07432757357312718,0,0
2023-07-14,-0.0002108684064925,-0.038048737519014546,-0.07437487786224609,0,0
2023-07-17,0.0092951063169746,-0.03804916895288412,-0.07437532171232922,0,0
2023-07-18,0.0081472991282911,-0.038045725961163346,-0.07438277246581655,0,0
2023-07-19,-0.0002332570125043,-0.038017307232015005,-0.0743560022062247,0,0
2023-07-20,-0.0233218305037343,-0.037991970113803175,-0.07432146542791443,0,0
2023-07-21,-0.0030035716643013,-0.038089529049170054,-0.07448337892743327,0,0
2023-07-24,0.0015958789689722,-0.038101469902462624,-0.07447920087869678,0,0
2023-07-25,0.0067550320952367,-0.0381057990998389,-0.07447614029337407,0,0
2023-07-26,-0.0033322300377065,-0.03810577605146628,-0.07447640966993488,0,0
2023-07-27,-0.0023868283672854,-0.038118416210393066,-0.07447286202042003,0,0
2023-07-28,0.0180507600822199,-0.03812549163746202,-0.07448067755411461,0,0
2023-07-31,0.0005215116826802,-0.03809543498984901,-0.07447702616488072,0,0
2023-08-01,-0.0023222761030847,-0.03810009540629375,-0.07447986600246093,0,0
2023-08-02,-0.022188520614172,-0.03810867360668769,-0.07448887043966748,0,0
2023-08-03,-0.001603893883475,-0.03820804958540578,-0.07465080145104022,0,0
2023-08-04,-0.0046927850664326,-0.038211790388687716,-0.07465491900853789,0,0
2023-08-07,0.008431237812811,-0.03823125099898017,-0.07467262739405643,0,0
2023-08-08,-0.0085387645560333,-0.03822694484632292,-0.07467741869442336,0,0
2023-08-09,-0.0110555690532505,-0.03826126698674155,-0.07471634301721874,0,0
2023-08-10,0.0018466690674454,-0.03828897377206646,-0.0747578377549093,0,0
2023-08-11,-0.0063962476277499,-0.038288972637317994,-0.07475783699446786,0,0
2023-08-14,0.0111596684204764,-0.038293507783748085,-0.07476431438430794,0,0
2023-08-15,-0.0106682400934801,-0.038284863402425005,-0.07477176428145617,0,0
2023-08-16,-0.0106453685787988,-0.038327427252419125,-0.07482789948853047,0,0
2023-08-17,-0.0109830019741998,-0.03836966619193459,-0.07488362160519828,0,0
2023-08-18,-0.001255868947279,-0.038409106351573026,-0.07493904146466612,0,0
2023-08-21,0.0159831037527231,-0.0383833643350513,-0.0749031337216768,0,0
2023-08-22,-0.001429976052,-0.03835505199710599,-0.07489632308665002,0,0
2023-08-23,0.0156454571194624,-0.038364538606612174,-0.07490303587107887,0,0
2023-08-24,-0.0216074422278325,-0.03837328055930611,-0.0749301850703772,0,0
2023-08-25,0.007721600070198,-0.03848001281315527,-0.07506966520042924,0,0
2023-08-28,0.0074990544568303,-0.03847781669017919,-0.07507420251656441,0,0
2023-08-29,0.0216046012442756,-0.038472926564738406,-0.07507665235967455,0,0
2023-08-30,0.0055614508048282,-0.03847680088671009,-0.07513704753489506,0,0
2023-08-31,0.0029938654887073,-0.0384762643157592,-0.07512823477845999,0,0
2023-09-01,-0.001058763168996,-0.03847639646898139,-0.07511307054413614,0,0
2023-09-05,0.0012703158877611,-0.03847694316398424,-0.07511367856969584,0,0
2023-09-06,-0.0088468636133276,-0.038477553457212835,-0.07511413994221514,0,0
2023-09-07,-0.0071771176205368,-0.03850506145270627,-0.07515201684124496,0,0
2023-09-08,0.0013965553715706,-0.038531220315833795,-0.07518372059536203,0,0
2023-09-11,0.0117138864815435,-0.03853124839080075,-0.07518374194602552,0,0
2023-09-12,-0.011150316098508,-0.038518563415006486,-0.07518769074001376,0,0
2023-09-13,0.0038016229832056,-0.03854951285490725,-0.07523354977212958,0,0
2023-09-14,0.0081441146272549,-0.038520776743474476,-0.07519902929662871,0,0
2023-09-15,-0.0172712653524254,-0.038512369448772246,-0.07519930446215302,0,0
2023-09-18,0.0010419402493742,-0.03858145306914031,-0.07530690512763626,0,0
2023-09-19,-0.0021336600918626,-0.03858658932280914,-0.07530490843246955,0,0
2023-09-20,-0.014515172889852,-0.03859274377930621,-0.07531159290416815,0,0
2023-09-21,-0.0184945878338194,-0.03860746478387957,-0.07533541110325806,0,0
2023-09-22,0.000139752445043,-0.03858967603672405,-0.07530519449209738,0,0
2023-09-25,0.0047383673399385,-0.03859162517919178,-0.07530694061014735,0,0
2023-09-26,-0.0151299378761144,-0.03859173293597991,-0.07529854157700518,0,0
2023-09-27,0.0023404861064246,-0.038659740981507026,-0.07538536268091588,0,0
2023-09-28,0.0083305307412429,-0.038657627055515884,-0.07538388581978885,0,0
2023-09-29,0.0007256950392209,-0.0386261785644926,-0.07535337175848544,0,0
2023-10-02,0.0083111517962546,-0.03845312969931621,-0.07507118866784708,0,0
2023-10-03,-0.0177053890006142,-0.03844257227384025,-0.07506937778710611,0,0
2023-10-04,0.013516800074834,-0.03851231480590804,-0.07517901798159689,0,0
2023-10-05,-0.0029508145949534,-0.0385178616574293,-0.07520369608508566,0,0
2023-10-06,0.0166166558230713,-0.03841989408776376,-0.07504696731300353,0,0
2023-10-09,0.0050870051437676,-0.03842691006423833,-0.07506672035375066,0,0
2023-10-10,0.0055228405034668,-0.03842743242102048,-0.07506528405226802,0,0
2023-10-11,0.0071098514370477,-0.038427274626423744,-0.07505815732089276,0,0
2023-10-12,-0.0034810454168532,-0.03840658365248807,-0.07504064070536716,0,0
2023-10-13,-0.0126496220171965,-0.03839153599493471,-0.07501923600728522,0,0
2023-10-16,0.0112429155999205,-0.038430521384518766,-0.07507803899107077,0,0
2023-10-17,-0.0032808016426599,-0.03843272674596352,-0.07508851286338529,0,0
2023-10-18,-0.013204708501707,-0.03843082302999673,-0.07504413550295685,0,0
2023-10-19,-0.0094007918502514,-0.038488392689424875,-0.07511970310771603,0,0
2023-10-20,-0.0150303525182264,-0.03852513151298081,-0.07515476050662831,0,0
2023-10-23,0.0030129410575883,-0.03859308257538637,-0.0752447667067409,0,0
2023-10-24,0.0096810603674208,-0.03858564166486537,-0.07523839986734662,0,0
2023-10-25,-0.0247804073058794,-0.03858648751904995,-0.07524683615356377,0,0
2023-10-26,-0.0192511176985341,-0.03869411483803676,-0.07542604462222577,0,0
2023-10-27,0.0047896194979433,-0.03878853727602557,-0.07555474916871209,0,0
2023-10-30,0.0112023788648887,-0.03878716032185972,-0.0755551699686833,0,0
2023-10-31,0.0047707793432847,-0.03878659765863615,-0.07557084983060972,0,0
2023-11-01,0.0172081331450835,-0.03878500040114053,-0.07555588455959128,0,0
2023-11-02,0.0179903026105954,-0.03879886937917714,-0.07560618677508907,0,0
2023-11-03,0.0116805072155239,-0.03881370857775967,-0.07566268189395091,0,0
2023-11-06,0.00407090845124,-0.03881551039782859,-0.07568037815428975,0,0
2023-11-07,0.0094083334529546,-0.03881505547623244,-0.07566723535889272,0,0
2023-11-08,0.0006436741752757,-0.03881134183713991,-0.07565370040005952,0,0
2023-11-09,-0.007725274761718,-0.0388118794524499,-0.07565416390548395,0,0
2023-11-10,0.0222332990355296,-0.038832341309742176,-0.07568207279770536,0,0
2023-11-13,-0.0031235354065843,-0.03883713683138063,-0.07574646826274026,0,0
2023-11-14,0.0212979572006499,-0.03878510512407778,-0.0756669731783421,0,0
2023-11-15,0.0007523726378444,-0.038810182539026794,-0.075750914750101,0,0
2023-11-16,0.0008554684535528,-0.03881434684432534,-0.07574069452661297,0,0
2023-11-17,0.0002331389732121,-0.038812296529410914,-0.07573873927886766,0,0
2023-11-20,0.0121013522419772,-0.03881890387944323,-0.07573867525468796,0,0
2023-11-21,-0.0058263425807716,-0.0388162337489068,-0.07575532042228508,0,0
2023-11-22,0.0040846704331967,-0.038838129681830584,-0.07576758620539623,0,0
2023-11-24,-0.0014111493744088,-0.03883907040103282,-0.07576663634970071,0,0
2023-11-27,-0.0008732068226349,-0.0388001980366279,-0.07571015130755576,0,0
2023-11-28,0.0026175738416887,-0.03879010232644623,-0.07569742472935644,0,0
2023-11-29,-0.0009744671698763,-0.03879080278467623,-0.07569766299748333,0,0
2023-11-30,-0.0025171561014785,-0.0387041202206404,-0.07556278051970383,0,0
2023-12-01,0.0028507459032223,-0.038688592559845025,-0.07548716948077436,0,0
2023-12-04,-0.0093269398995365,-0.03862435437143692,-0.07539511185978962,0,0
2023-12-05,0.0025077256906911,-0.03857994000618446,-0.07532321387079824,0,0
2023-12-06,-0.0058005699041929,-0.038582936439450474,-0.07532023571269382,0,0
2023-12-07,0.0138754922665498,-0.03852141758310917,-0.07522233420084526,0,0
2023-12-08,0.0044467265533425,-0.038527589304808985,-0.07524551217481226,0,0
2023-12-11,0.0085057943326711,-0.038457840045641525,-0.075061735989883,0,0
2023-12-12,0.0079327470633314,-0.038457137358952745,-0.07506799748506045,0,0
2023-12-13,0.012637224972904,-0.03838991355261412,-0.07497976379697943,0,0
2023-12-14,-0.0008672296790201,-0.038392243061803846,-0.07498775828783755,0,0
2023-12-15,0.0048221803755854,-0.038335351238944916,-0.07490255940348228,0,0
2023-12-18,0.0062789792346178,-0.03829285006540883,-0.07484835961695696,0,0
2023-12-19,0.0050965305630086,-0.03825997184158525,-0.07475347247730552,0,0
2023-12-20,-0.0149712807375417,-0.03810569815541603,-0.0745111776903529,0,0
2023-12-21,0.0115683156450208,-0.03815378834598176,-0.07458621397221055,0,0
2023-12-22,0.0014947332409747,-0.038116086304259,-0.07455288266218604,0,0
2023-12-26,0.0061031729959717,-0.038089407344556944,-0.07446183030726981,0,0
2023-12-27,0.0020336798671518,-0.03808615481255453,-0.07444414672677187,0,0
2023-12-28,-0.0004863425515067,-0.03808983552311805,-0.07444098664755637,0,0
2023-12-29,-0.0043369670289399,-0.038085958067474286,-0.07440154169367563,0,0
2024-01-02,-0.0170671426237207,-0.03808494990082634,-0.0744001567124674,0,0
2024-01-03,-0.010637891065186,-0.038159721709316426,-0.07451414981081243,0,0
2024-01-04,-0.0051597599796373,-0.03818959218337528,-0.07455801405520639,0,0
2024-01-05,0.0011854556089421,-0.038185621700353126,-0.07455235016752255,0,0
2024-01-08,0.0204572562827554,-0.038189603861513176,-0.07454426737597658,0,0
2024-01-09,0.0019735697450178,-0.038157616733144745,-0.0745451252202943,0,0
2024-01-10,0.0067547477837637,-0.03795438919756713,-0.07421111096860775,0,0
2024-01-11,0.0020786186845134,-0.037945651936747676,-0.07420814150635476,0,0
2024-01-12,0.0005128106825766,-0.037903204781795236,-0.07414978677754126,0,0
2024-01-16,-9.76651190249811e-05,-0.0379034759142409,-0.07415004198620788,0,0
2024-01-17,-0.005656819588844,-0.03790258102464354,-0.07411995135445673,0,0
2024-01-18,0.01409439955943,-0.037924334270032264,-0.07414425230238089,0,0
2024-01-19,0.0196370417069005,-0.037781664123372166,-0.0739402458723317,0,0
2024-01-22,0.0013049669187008,-0.037803209720460765,-0.07400767076887435,0,0
2024-01-23,0.0041408675455265,-0.03765909024154321,-0.0737764450291666,0,0
2024-01-24,0.0055340093209306,-0.03761283500251217,-0.07371484028318219,0,0
2024-01-25,0.0012204039579586,-0.03755429162921032,-0.07363571465093607,0,0
2024-01-26,-0.0059753933861239,-0.03738094652048364,-0.07335278224085064,0,0
2024-01-29,0.0101883714640775,-0.03740517069988642,-0.07338015383350667,0,0
2024-01-30,-0.0066786797467823,-0.03727092241618008,-0.07318165730219856,0,0
2024-01-31,-0.0197805564335684,-0.03728772076293279,-0.07320478961879565,0,0
2024-02-01,0.0117066085546353,-0.0373491568779143,-0.0733064620471313,0,0
2024-02-02,0.0167592868911148,-0.037273152181194084,-0.07312188738351473,0,0
2024-02-05,-0.0013061826810298,-0.037202580373238286,-0.07295634347727599,0,0
2024-02-06,-0.0020092126117114,-0.03721310977609049,-0.07296162302729413,0,0
2024-02-07,0.010237578849896,-0.03722533006013616,-0.07296639716708048,0,0
2024-02-08,0.0018502215644575,-0.03688667107360634,-0.07240288444191358,0,0
2024-02-09,0.0097948631027824,-0.036887023667750825,-0.07238339111964397,0,0
2024-02-12,-0.0039201578420335,-0.03685381027288495,-0.07235231624390073,0,0
2024-02-13,-0.0157199338317575,-0.03686984284375949,-0.07235510534148719,0,0
2024-02-14,0.010838340173505,-0.036918843244281005,-0.07238145535192832,0,0
2024-02-15,0.002973218104473,-0.03678966514714975,-0.07219302249459736,0,0
2024-02-16,-0.0091090383457457,-0.03656630266958946,-0.07182354611345103,0,0
2024-02-20,-0.0075767380677467,-0.03660002685672658,-0.07186982891326109,0,0
2024-02-21,-0.0040098149330995,-0.036588558518961645,-0.07178675063525582,0,0
2024-02-22,0.0288553865984804,-0.036598759025499375,-0.0717995652208288,0,0
2024-02-23,-0.0029492319547621,-0.0364625435827497,-0.07164521537702272,0,0
2024-02-26,-0.0005265844087851,-0.036426523593048606,-0.07159100350238769,0,0
2024-02-27,0.0024023067595626,-0.036391304819356436,-0.07154033144211329,0,0
2024-02-28,-0.005338814118831,-0.03623320446865241,-0.07128528618543575,0,0
2024-02-29,0.0085330090335213,-0.03616015371340259,-0.07107019617440727,0,0
2024-03-01,0.0149446854585706,-0.0361507637013034,-0.07103892166559508,0,0
2024-03-04,-0.0035745669848754,-0.03615661930957809,-0.07107295814210646,0,0
2024-03-05,-0.0181126274983167,-0.03609824030592966,-0.07098140026753098,0,0
2024-03-06,0.006264026225093,-0.03617993050227885,-0.07107521401746102,0,0
2024-03-07,0.0150640654192777,-0.036111346278243917,-0.07098035019318163,0,0
2024-03-08,-0.0145400983001797,-0.03604973080865275,-0.07091610576599322,0,0
2024-03-11,-0.0037196932121297,-0.03582351102285483,-0.07051806682439597,0,0
2024-03-12,0.0142331999286486,-0.03582031496608695,-0.07051360236693943,0,0
2024-03-13,-0.0077157099878961,-0.03571131605048976,-0.07026094176997698,0,0
2024-03-14,-0.0025244430503192,-0.03569422665218096,-0.0702341034540349,0,0
2024-03-15,-0.0119580524121483,-0.03559022562098358,-0.07006591869131255,0,0
2024-03-18,0.0094922206760852,-0.03553951060560026,-0.06998096944126467,0,0
2024-03-19,0.0024884967350642,-0.03545752613806656,-0.06978054467828051,0,0
2024-03-20,0.0117869377458594,-0.03533354515062531,-0.0694744762143907,0,0
2024-03-21,0.0047209565331058,-0.03533319460345786,-0.0694733263292761,0,0
2024-03-22,0.0011431563697783,-0.03530828026414778,-0.06939534700650783,0,0
2024-03-25,-0.003635696560031,-0.035298925142215665,-0.06938450424388813,0,0
2024-03-26,-0.0032429957255217,-0.035293287392667974,-0.06932987780447268,0,0
2024-03-27,0.0034002587976642,-0.03523949865401801,-0.06924610369159345,0,0
2024-03-28,-0.001845125014328,-0.03520803526797412,-0.06914959584330944,0,0
2024-04-01,0.0021149676214982,-0.035210585726830966,-0.06915266465447749,0,0
2024-04-02,-0.0086677973807365,-0.03520375176771989,-0.06911432287578945,0,0
2024-04-03,0.0022419091094221,-0.03522531108695738,-0.06910780756165803,0,0
2024-04-04,-0.0154087448991049,-0.03517942370209002,-0.06904345292590161,0,0
2024-04-05,0.0117150798801102,-0.03519795279335535,-0.06907407323015173,0,0
2024-04-08,0.0002950039740046,-0.035189416493590475,-0.06908313456572839,0,0
2024-04-09,0.0036926471316274,-0.0351690196884537,-0.06900539070696629,0,0
2024-04-10,-0.0087668334530812,-0.03503976761331716,-0.06880249061464848,0,0
2024-04-11,0.0158420935209306,-0.0349504843759125,-0.06865312131218759,0,0
2024-04-12,-0.0160702042236433,-0.03495902760788613,-0.06869523012103793,0,0
2024-04-15,-0.0165878018780709,-0.03497236742734124,-0.0687175052518881,0,0
2024-04-16,9.273389266617472e-05,-0.034911524183891054,-0.06861263649188341,0,0
2024-04-17,-0.0122763771678471,-0.034899570763482025,-0.06859747517651901,0,0
2024-04-18,-0.0057227000222281,-0.03492990641035506,-0.0685954956774089,0,0
2024-04-19,-0.0209062052214452,-0.03481660542687998,-0.06840722895259668,0,0
2024-04-22,0.01000651770127,-0.03492892464765468,-0.06858552612826224,0,0
2024-04-23,0.0148125550988975,-0.034895428131725144,-0.06849729658181543,0,0
2024-04-24,0.0033819957486125,-0.034833522930500835,-0.06843218889488355,0,0
2024-04-25,-0.0048415912087991,-0.0347169000315924,-0.0682504319485382,0,0
2024-04-26,0.0153138471107912,-0.03456643221523233,-0.06799770982492864,0,0
2024-04-29,0.0040521211121333,-0.03457188059594858,-0.068013160024857,0,0
2024-04-30,-0.01903627537797,-0.034255169968953274,-0.06747530448217022,0,0
2024-05-01,-0.0072567144223691,-0.03434948135665555,-0.06762569913697235,0,0
2024-05-02,0.0126824533284279,-0.034261086026679745,-0.06737354677509652,0,0
2024-05-03,0.0198992427487976,-0.03383019550583472,-0.06664341818285834,0,0
2024-05-06,0.0108938191793406,-0.03384185977351455,-0.06667249496779239,0,0
2024-05-07,0.0001589438749043,-0.03383863826234303,-0.06668476608311145,0,0
2024-05-08,-0.0005906102374932,-0.033738408878375294,-0.0664266302771942,0,0
2024-05-09,0.0021791495148235,-0.033206453859533566,-0.06548481111767732,0,0
2024-05-10,0.0023553582265334,-0.03315271807460312,-0.06540680568031627,0,0
2024-05-13,0.0023047481073321,-0.03280592780485559,-0.06480974828750195,0,0
2024-05-14,0.0064116519318249,-0.03280538907393205,-0.06479024311246694,0,0
2024-05-15,0.0155094165209277,-0.03258462024686456,-0.06442830286320697,0,0
2024-05-16,-0.002033477845277,-0.0325817484444744,-0.06445645913324366,0,0
2024-05-17,-0.0004867404859831,-0.03245641352563707,-0.06413925705421761,0,0
2024-05-20,0.0069483710203659,-0.03240931964090455,-0.06406843721750217,0,0
2024-05-21,0.0019545669737563,-0.03235338431410582,-0.06392408723162406,0,0
2024-05-22,-0.0001975741466537,-0.031822696996139536,-0.06298701745832745,0,0
2024-05-23,-0.0045085442828156,-0.031806134550719435,-0.06296446374037909,0,0
2024-05-24,0.0094119660404787,-0.031811072699782415,-0.06297146635478897,0,0
2024-05-28,0.0037706635857208,-0.03179716526923713,-0.06293095145832345,0,0
2024-05-29,-0.0070733458397063,-0.031665693519078816,-0.06272204742537167,0,0
2024-05-30,-0.010771135545375,-0.031690238547209905,-0.06273034879755127,0,0
2024-05-31,-0.0018620895096361,-0.03167289368849689,-0.06262453566278088,0,0
2024-06-03,0.0053550640539459,-0.031579254707178976,-0.06237758960205597,0,0
2024-06-04,0.0027326855749612,-0.03156486020559251,-0.06236462406925383,0,0
2024-06-05,0.0199592891891118,-0.031534097277336186,-0.062323760156748405,0,0
2024-06-06,-0.0003452929336837,-0.031494913038812994,-0.06223394828653345,0,0
2024-06-07,-0.0008852247879813,-0.0313203849767541,-0.06194243319520673,0,0
2024-06-10,0.0040312145416026,-0.031328214374903414,-0.06194976216032479,0,0
2024-06-11,0.0068392722558865,-0.03132893130238622,-0.0619425545164507,0,0
2024-06-12,0.0130125911315213,-0.03129615545644415,-0.06190513758770932,0,0
2024-06-13,0.0054056909537552,-0.031109411854639998,-0.06161649163131644,0,0
2024-06-14,0.0051678004543518,-0.03080196479610407,-0.06109442325183788,0,0
2024-06-17,0.0121754164314875,-0.03029766004033157,-0.060209771959537604,0,0
2024-06-18,0.0003091156895935,-0.03029783181704519,-0.06022967611271841,0,0
2024-06-20,-0.0077377199515717,-0.030251504904622455,-0.06009325331629921,0,0
2024-06-21,-0.0026829423553706,-0.029890588666837914,-0.05945196076348769,0,0
2024-06-24,-0.0114499338009697,-0.02990175688785217,-0.059445866164672304,0,0
2024-06-25,0.0113706526280052,-0.029902965329362288,-0.059379543205055584,0,0
2024-06-26,0.002063044218679,-0.02989475891763318,-0.059387756229173416,0,0
2024-06-27,0.0025779860700607,-0.029887599162722496,-0.05934975875253559,0,0
2024-06-28,-0.0052045114490049,-0.02976420935198335,-0.05905016116671536,0,0
2024-07-01,0.0058480186811706,-0.02975445627497641,-0.059035193008129316,0,0
2024-07-02,0.0104448904982143,-0.02950644916991197,-0.05862059709173547,0,0
2024-07-03,0.0083025837399599,-0.02950289683229415,-0.05863165925609417,0,0
2024-07-05,0.0103728398029776,-0.029438252415387032,-0.058544733571225624,0,0
2024-07-08,0.0023754592725717,-0.02944049111913941,-0.05855626851652456,0,0
2024-07-09,0.0008641682406445,-0.0294256501306837,-0.05849972868774805,0,0
2024-07-10,0.0103726046180048,-0.02943173080045276,-0.05850115815632526,0,0
2024-07-11,-0.0221742495058911,-0.029397377090807086,-0.058413706128682914,0,0
2024-07-12,0.0058576302030228,-0.029538809590197248,-0.0586455170777547,0,0
2024-07-15,0.0026841989655466,-0.029398066336085327,-0.05842265505600482,0,0
2024-07-16,0.0003828872007476,-0.029353162115459668,-0.05835846265673269,0,0
2024-07-17,-0.0297943193361636,-0.02934661799908504,-0.05835030906294116,1,0
2024-07-18,-0.0047438009122906,-0.029579350179163046,-0.05874156724698826,0,0
2024-07-19,-0.0089031605418643,-0.029579954919421798,-0.05869983801529438,0,0
2024-07-22,0.01478790194097,-0.029582136036220223,-0.05870333147903685,0,0
2024-07-23,-0.0035308045902731,-0.029495457121906567,-0.058504868867784526,0,0
2024-07-24,-0.0365294607157,-0.029498782190800984,-0.058474979171790425,1,0
2024-07-25,-0.0110889927827724,-0.02981428789328175,-0.058994893274778755,0,0
2024-07-26,0.0102037988659242,-0.0297659275008107,-0.05891296969113714,0,0
2024-07-29,0.0020067464899193,-0.02974202227099619,-0.058896368171043746,0,0
2024-07-30,-0.0138265982275163,-0.029623290494669857,-0.058705888844533725,0,0
2024-07-31,0.029164324832311,-0.02948134063134116,-0.05832453761715805,0,0
2024-08-01,-0.0245197462359429,-0.029570654865697998,-0.05853556987395112,0,0
2024-08-02,-0.0240210885141047,-0.02971582978657301,-0.05873849016351217,0,0
2024-08-05,-0.0302696683813117,-0.029869842815559378,-0.05899487327690952,1,0
2024-08-06,0.0095095978892327,-0.03008945024220822,-0.05937198789452332,0,0
2024-08-07,-0.0108886992175039,-0.030017481748330202,-0.059198731843958435,0,0
2024-08-08,0.0301324049825897,-0.030068689099021884,-0.059269305471455876,0,0
2024-08-09,0.0052087061381564,-0.03013076836238298,-0.05946287478806259,0,0
2024-08-12,0.0021512793923799,-0.030114870759410134,-0.05944779637050454,0,0
2024-08-13,0.0245099377747424,-0.030062864744950908,-0.05937184946053125,0,0
2024-08-14,0.000324285065683,-0.030042215728411783,-0.05932584440227889,0,0
2024-08-15,0.0249492717360544,-0.030023111346432957,-0.059299918236907716,0,0
2024-08-16,0.0012848715349438,-0.03005412341983542,-0.059371149942456604,0,0
2024-08-19,0.0130505266147427,-0.030058280069620753,-0.05936648914839574,0,0
2024-08-20,-0.0021008300991995,-0.030052451160827567,-0.05938418696540107,0,0
2024-08-21,0.004653305705542,-0.030009168217497283,-0.05931740245461651,0,0
2024-08-22,-0.0159819750927034,-0.030006855546302755,-0.05931714046905826,0,0
2024-08-23,0.0107870888977243,-0.029975408011739625,-0.05926276176970808,0,0
2024-08-26,-0.0097557626377211,-0.029786092290348655,-0.058964004800979124,0,0
2024-08-27,0.0029829570552815,-0.029823037010233207,-0.05901925324021151,0,0
2024-08-28,-0.0114123117944346,-0.029822924131233053,-0.059019203034319886,0,0
2024-08-29,-0.0014649533134676,-0.029857679278655628,-0.05903238410498526,0,0
2024-08-30,0.0118488832207432,-0.029457651658831102,-0.058327861705978284,0,0
2024-09-03,-0.0308313406156921,-0.02941509058862733,-0.05828587202493912,1,0
2024-09-04,-0.0026019439412214,-0.02960595587236238,-0.05862133621583832,0,0
2024-09-05,0.0009332467283202,-0.029593753463750025,-0.058603616310355884,0,0
2024-09-06,-0.0271526062461191,-0.029592728700994143,-0.05860255810312198,0,0
2024-09-09,0.012777706434492,-0.029716393156598686,-0.058819526123097675,0,0
2024-09-10,0.0091993111827308,-0.029690114296337715,-0.058805979634809345,0,0
2024-09-11,0.0214829567505301,-0.02965951014020393,-0.05872584623579089,0,0
2024-09-12,0.0097682376875969,-0.029698382776081673,-0.05883252659959155,0,0
2024-09-13,0.00446985685124,-0.029660279196234752,-0.0587357581994663,0,0
2024-09-16,-0.0044276543124199,-0.029656089811412996,-0.058713707683552205,0,0
2024-09-17,0.0005280953186765,-0.028974672599142735,-0.057481828753585415,0,0
2024-09-18,-0.0043388843338192,-0.02898071468808063,-0.057479695732071845,0,0
2024-09-19,0.0249698333684591,-0.028904419191102936,-0.05735429987702619,0,0
2024-09-20,-0.0019051151554094,-0.02893645603962002,-0.057475573300306164,0,0
2024-09-23,0.0026472303116102,-0.028949087817134365,-0.05748198044710304,0,0
2024-09-24,0.0048119194118738,-0.028913777210911325,-0.05743317379864817,0,0
2024-09-25,0.0009266701116867,-0.028805182737747514,-0.057264424485643055,0,0
2024-09-26,0.0074850404908692,-0.0287460780030849,-0.05717419935055594,0,0
2024-09-27,-0.0055724962538539,-0.02865042106858664,-0.057032629175180365,0,0
2024-09-30,0.0027081577524956,-0.02865634516333872,-0.05704149866991576,0,0
2024-10-01,-0.0140303764895604,-0.02865208889176717,-0.05703754902467291,0,0
2024-10-02,0.0014119546395905,-0.028698382892044075,-0.0570642107016395,0,0
2024-10-03,-0.0007472982752387,-0.02847076998508753,-0.056677853094197636,0,0
2024-10-04,0.0118279411784305,-0.028378381652174208,-0.05652841194275407,0,0
2024-10-07,-0.0107694439754721,-0.028333505355965866,-0.05641936251087136,0,0
2024-10-08,0.0148241024567274,-0.02827988882110095,-0.0562359060131997,0,0
2024-10-09,0.0078376774013477,-0.02828331587424372,-0.056271596698765546,0,0
2024-10-10,-0.0011362910012717,-0.028245359457150253,-0.05622724114674375,0,0
2024-10-11,0.0015620130541256,-0.027877283136469033,-0.05558003272743071,0,0
2024-10-14,0.008356469174962,-0.02783076857389736,-0.055511166894967975,0,0
2024-10-15,-0.0134569443492562,-0.027753865951431825,-0.055402971735743024,0,0
2024-10-16,0.0001221965770668,-0.027819516714788335,-0.05550634539158872,0,0
2024-10-17,0.0006923943737948,-0.027776540027668575,-0.05537891040071793,0,0
2024-10-18,0.0065332210121855,-0.02752717538791064,-0.05495113111938873,0,0
2024-10-21,0.0019194989459103,-0.0274015628730444,-0.054656934520632146,0,0
2024-10-22,0.001089406987595,-0.027405178795648227,-0.054652741039525075,0,0
2024-10-23,-0.0154425028448725,-0.02739130727187014,-0.0546346232778867,0,0
2024-10-24,0.0080760899448861,-0.02745631616749302,-0.054742006476311715,0,0
2024-10-25,0.0060750876885862,-0.027404524175211813,-0.054612396147343104,0,0
2024-10-28,0.0001614759062347,-0.027400770008590068,-0.054595878169867246,0,0
2024-10-29,0.0095626281860958,-0.027370991260059215,-0.05449939044865042,0,0
2024-10-30,-0.0075863370273481,-0.027216757124333593,-0.05425860643370526,0,0
2024-10-31,-0.0255668814474221,-0.027137464770139938,-0.054124212036153155,0,0
2024-11-01,0.0073717666151509,-0.027224176753347255,-0.054188249803902404,0,0
2024-11-04,-0.0029175041981837,-0.027162593228098234,-0.05410405896535873,0,0
2024-11-05,0.0126762532467834,-0.027126398716949093,-0.05404729877104918,0,0
2024-11-06,0.0268008674448623,-0.026809011158241403,-0.05351761528849298,0,0
2024-11-07,0.0156215105916865,-0.026756544457046026,-0.05350308290517769,0,0
2024-11-08,0.0011677826974123,-0.0267553580574014,-0.05350013369503252,0,0
2024-11-11,-0.0005834521813534,-0.026757117980132777,-0.05348512320431678,0,0
2024-11-12,-0.0018118013345125,-0.026766610589604344,-0.05348883656552282,0,0
2024-11-13,-0.0012874970887777,-0.026609088871560625,-0.05322204790322265,0,0
2024-11-14,-0.0069740001703202,-0.025799228425987007,-0.05150442671277467,0,0
2024-11-15,-0.0241143770151905,-0.025804495546042968,-0.051467052865904285,0,0
2024-11-18,0.0069236524287141,-0.025942065440543723,-0.051706628156575014,0,0
2024-11-19,0.0068561167854079,-0.02593065499726842,-0.05167147652210671,0,0
2024-11-20,-0.0005761366979175,-0.025852325858084047,-0.051557493747537424,0,0
2024-11-21,0.0035907573027946,-0.025847430360167,-0.051551023350452356,0,0
2024-11-22,0.0016027629229693,-0.025841299525137557,-0.05154577174692035,0,0
2024-11-25,0.0015803326351067,-0.025791262199494142,-0.05147066188799178,0,0
2024-11-26,0.0053549601789155,-0.025782223950804567,-0.05142899788749527,0,0
2024-11-27,-0.0079045966817465,-0.025779387914609826,-0.05141471517061136,0,0
2024-11-29,0.0087484836191897,-0.025786347119708203,-0.05142583468170338,0,0
2024-12-02,0.0108290473295395,-0.025700328435826803,-0.05130237813089628,0,0
2024-12-03,0.0030615717060733,-0.02566671065323102,-0.05127156368331319,0,0
2024-12-04,0.0122871075359913,-0.025371445629879343,-0.050616841274851825,0,0
2024-12-05,-0.0027750207849317,-0.025374543623116728,-0.05064377680990182,0,0
2024-12-06,0.0089099756407842,-0.025369887777448176,-0.05063698660450342,0,0
2024-12-09,-0.0078180732045494,-0.025264131904482963,-0.050479360310511166,0,0
2024-12-10,-0.0034134207937714,-0.025154917116044433,-0.050290966326088385,0,0
2024-12-11,0.0177440368905914,-0.02515219266728596,-0.05028692869903257,0,0
2024-12-12,-0.0064747793693111,-0.02517311880446763,-0.050339064754283666,0,0
2024-12-13,0.0076252818326647,-0.02517351594785502,-0.050339693199213706,0,0
2024-12-16,0.0142980078216705,-0.0251658247349521,-0.05031552495677439,0,0
2024-12-17,-0.0044136938105268,-0.02517512912024114,-0.0503404946750263,0,0
2024-12-18,-0.0367436792052764,-0.025160273265231525,-0.050317216658088734,1,0
2024-12-19,-0.0044631443151637,-0.0252040309084491,-0.05039773249835926,0,0
2024-12-20,0.0086945801469013,-0.02517666037148201,-0.050353973498623035,0,0
2024-12-23,0.0096955023236162,-0.025093959967815785,-0.05023570426866744,0,0
2024-12-24,0.0134687445210479,-0.02508649573881383,-0.05024091742057123,0,0
2024-12-26,-0.0006796385722473,-0.025083570436146063,-0.05023344508750678,0,0
2024-12-27,-0.0133821725258327,-0.024897502130080955,-0.04991576197618449,0,0
2024-12-30,-0.0133891222419828,-0.02497277562070103,-0.050033168510956544,0,0
2024-12-31,-0.0085311028717374,-0.02496583047811535,-0.05002121767264678,0,0
2025-01-02,-0.0019579428931812,-0.024932547881973233,-0.049965243775012075,0,0
2025-01-03,0.0162327677139266,-0.024880642499270335,-0.04981475118863551,0,0
2025-01-06,0.0114272539606163,-0.02489195193911235,-0.04986861751529288,0,0
2025-01-07,-0.01800533490462,-0.024862947443194033,-0.049846395874873384,0,0
2025-01-08,0.0001746798318746,-0.024982367661191163,-0.050036506541310394,0,0
2025-01-10,-0.0158052986334267,-0.024891057643161674,-0.04988841079893905,0,0
2025-01-13,-0.0032190342415221,-0.024899204064521334,-0.0498230397335717,0,0
2025-01-14,-0.0009498062001398,-0.024917040546029216,-0.049839588708826425,0,0
2025-01-15,0.0227455476391886,-0.02492609780261503,-0.04983955501261605,0,0
2025-01-16,-0.0070306176697458,-0.024957865874460198,-0.04991212511038765,0,0
2025-01-17,0.016737616566461,-0.024993020573586933,-0.04995728480366798,0,0
2025-01-21,0.0058478199333595,-0.025016074791329636,-0.05002094371168761,0,0
2025-01-22,0.012704794905832,-0.02501267881261095,-0.05002153188873444,0,0
2025-01-23,0.002123734908638,-0.024945939414311974,-0.04993997281319087,0,0
2025-01-24,-0.0056671001652119,-0.02489661949873857,-0.04986636446426139,0,0
2025-01-27,-0.0295467511319165,-0.0248359470624995,-0.04968624721794608,1,0
2025-01-28,0.0146715928863656,-0.02504405335068587,-0.0499951411135711,0,0
2025-01-29,-0.001879740337336,-0.025045979841177114,-0.0500304701262567,0,0
2025-01-30,0.0042533018650097,-0.02504484601822781,-0.050028903020503196,0,0
2025-01-31,-0.0014541934632834,-0.02500938664893402,-0.04993125577153988,0,0
2025-02-03,-0.0080352575071449,-0.02501764765995305,-0.0499259266455315,0,0
2025-02-04,0.0122005354995957,-0.024914679006687247,-0.049748347585954165,0,0
2025-02-05,0.0045277493013662,-0.02490637069996149,-0.049727079921442215,0,0
2025-02-06,0.0052060797748474,-0.02485918929319169,-0.049603580035317646,0,0
2025-02-07,-0.0126934980983852,-0.024680282125539015,-0.049197616996134515,0,0
2025-02-10,0.012032497818458,-0.024634057529087483,-0.04911728686072991,0,0
2025-02-11,-0.0023836662023128,-0.0245989911373672,-0.04908761084137033,0,0
2025-02-12,0.0005869691172222,-0.024568282808888873,-0.048984441007817806,0,0
2025-02-13,0.0142834215803206,-0.02445556645048946,-0.048799427065224436,0,0
2025-02-14,0.0041896135881813,-0.02442478491182204,-0.04878308696598333,0,0
2025-02-18,0.0022644327686949,-0.02439267358480122,-0.04874075866043176,0,0
2025-02-19,0.0002781374710947,-0.02437446463503632,-0.0486794862151002,0,0
2025-02-20,-0.0042536459587596,-0.024380572881972266,-0.048678029922825425,0,0
2025-02-21,-0.0209729049682083,-0.02440137935431429,-0.04869619384338755,0,0
2025-02-24,-0.0118745515896154,-0.02442340486996933,-0.04873535016616731,0,0
2025-02-25,-0.0126793774577214,-0.02445425302562764,-0.04878650749884395,0,0
2025-02-26,0.0024127119164001,-0.024339592364266797,-0.048584010381327696,0,0
2025-02-27,-0.0281642059814206,-0.02433660311870353,-0.04858132017366128,1,0
2025-02-28,0.0156680977632142,-0.02457750539617526,-0.04898191280920964,0,0
2025-03-03,-0.022125376972184,-0.024489692797153656,-0.04887199686583679,0,0
2025-03-04,-0.0030223686573407,-0.024652919890374696,-0.049135330579484715,0,0
2025-03-05,0.012951814254559,-0.02465867731783336,-0.049143302917425996,0,0
2025-03-06,-0.0278948358278601,-0.02462885126388746,-0.04912479217603402,1,0
2025-03-07,0.0073266176352655,-0.024864329984064296,-0.049516165228860556,0,0
2025-03-10,-0.0395273817485248,-0.024820183168488684,-0.049405187366570624,1,0
2025-03-11,-0.0023932670400501,-0.02523951304544255,-0.0501468668477111,0,0
2025-03-12,0.0112176200075229,-0.025185848114128512,-0.05006090912574658,0,0
2025-03-13,-0.0181542878058404,-0.02519177945861119,-0.05008426325774196,0,0
2025-03-14,0.0238829581494819,-0.02519833503511331,-0.05009578144564799,0,0
2025-03-17,0.0064628376591269,-0.025183291301201106,-0.050138234294232226,0,0
2025-03-18,-0.0171944020417926,-0.025182893327496562,-0.05013570816381802,0,0
2025-03-19,0.0132926031323918,-0.025233127285666603,-0.05015837526509629,0,0
2025-03-20,-0.0033952555491092,-0.02524455943239919,-0.05019591209437786,0,0
2025-03-21,0.0032912910951754,-0.025177643774871812,-0.05000975000819153,0,0
2025-03-24,0.0217070180520435,-0.02515629070210139,-0.04998323417762904,0,0
2025-03-25,0.0056903565720194,-0.025207451757933333,-0.05011739926139771,0,0
2025-03-26,-0.0185720466107284,-0.025192987480589128,-0.05007313099945297,0,0
2025-03-27,-0.0057143255090919,-0.025236881211927905,-0.050149587247784136,0,0
2025-03-28,-0.0266805576316109,-0.025256391213126023,-0.05015461230264537,1,0
2025-03-31,-4.2593747916264135e-05,-0.025470359646522958,-0.050514921509911194,0,0
2025-04-01,0.0080287056735084,-0.02544479288306181,-0.050477922433315954,0,0
2025-04-02,0.0072719270393157,-0.025420933814096297,-0.050456574272806975,0,0
2025-04-03,-0.0550197427112459,-0.025390284156028148,-0.050376356906597475,1,1
2025-04-04,-0.0641214024588725,-0.026132919002464564,-0.05170417324709176,1,1
2025-04-07,0.0024103080894652,-0.027069961067511035,-0.05338089563642314,0,0
2025-04-08,-0.0181726353909503,-0.027059243676605258,-0.053369124910601605,0,0
2025-04-09,0.1133562011012809,-0.027153705313031302,-0.05352556128907142,0,0
2025-04-10,-0.0434631774463314,-0.02924907167532553,-0.05784824401774159,1,0
2025-04-11,0.0182554600716251,-0.02968959013921442,-0.05861329854011771,0,0
2025-04-14,0.0067553346542865,-0.029706264607436524,-0.05868139147667539,0,0
2025-04-15,0.0011140747563587,-0.029677345623947502,-0.05864986346813435,0,0
2025-04-16,-0.0306174640158456,-0.029641142090444474,-0.05859806127475565,1,0
2025-04-17,-0.0001800912161709,-0.029852130811486577,-0.05891543136436634,0,0
2025-04-21,-0.0250581097828206,-0.029847729375749178,-0.05891005387662793,0,0
2025-04-22,0.0259134435955088,-0.03001519818569601,-0.05918800465318971,0,0
2025-04-23,0.0224247998247895,-0.030075372129351928,-0.05935427752351337,0,0
2025-04-24,0.0277485365559373,-0.030111919389623053,-0.059468852984397295,0,0
2025-04-25,0.0110862621857314,-0.030155879539920463,-0.05962151779087977,0,0
2025-04-28,-0.000317470349227,-0.03015425256670697,-0.059637310474036725,0,0
2025-04-29,0.0065827693159166,-0.030149501352087518,-0.05963137786950159,0,0
2025-04-30,-0.0001262086717321,-0.030035692142052522,-0.05945763754560465,0,0
2025-05-01,0.0129761642207641,-0.030043453349478454,-0.05946112823454905,0,0
2025-05-02,0.0147348272847969,-0.029979103078400085,-0.05930936563692407,0,0
2025-05-05,-0.0059502200759533,-0.029990783324095556,-0.059347008053768975,0,0
2025-05-06,-0.0093452261630968,-0.030007659000809123,-0.05937087692812096,0,0
2025-05-07,0.0039182548115208,-0.030010835815464973,-0.05937597218584346,0,0
2025-05-08,0.0102719275574081,-0.029982103401579308,-0.05933968994352134,0,0
2025-05-09,-0.0006555713141933,-0.029966693078859907,-0.05933568929616369,0,0
2025-05-12,0.0399321640366627,-0.02993928537147356,-0.05924123461741271,0,0
2025-05-13,0.0151257214706959,-0.030129346223412096,-0.05968294939474976,0,0
2025-05-14,0.0059753402365849,-0.030112316614515647,-0.05969027540522873,0,0
2025-05-15,0.0010982691372687,-0.030109465305997847,-0.059675554738365104,0,0
2025-05-16,0.0043430488368887,-0.030112829543034417,-0.05967804848959417,0,0
2025-05-19,0.000958372992037,-0.03009549009835461,-0.05965919273620727,0,0
2025-05-20,-0.0033388126868612,-0.030100893431501897,-0.05966135063405874,0,0
2025-05-21,-0.0139942193844841,-0.030112937975244884,-0.05967641673564362,0,0
2025-05-22,0.0018695335624343,-0.03018167918362252,-0.05976143763653556,0,0
2025-05-23,-0.0093039487778119,-0.03016154540191736,-0.05969091434977497,0,0
2025-05-27,0.0232527874322761,-0.030191710290292096,-0.059736480647868836,0,0
2025-05-28,-0.0044417826225631,-0.03023772013757344,-0.059863869359175155,0,0
2025-05-29,0.0019637761915927,-0.03019396999449413,-0.05979418023104831,0,0
2025-05-30,-0.0015783486480831,-0.030173734721154012,-0.05976810533633762,0,0
2025-06-02,0.0078671825755067,-0.030132944094788804,-0.05964010159102072,0,0
2025-06-03,0.007786630582709,-0.030072833893796037,-0.05948998449772124,0,0
2025-06-04,0.0027839539071337,-0.030072391199261698,-0.059495280450955194,0,0
2025-06-05,-0.0075554014058614,-0.030048753606294568,-0.059465170646614066,0,0
2025-06-06,0.0097278209788651,-0.03007906579144328,-0.05948837457471011,0,0
2025-06-09,0.0014709070023197,-0.030080688909884804,-0.05949580350935351,0,0
2025-06-10,0.0065921516355178,-0.030079239353409688,-0.059494421092604374,0,0
2025-06-11,-0.0033752649161922,-0.030071418082639807,-0.059491924268420905,0,0
2025-06-12,0.0023451389420197,-0.0299911806147279,-0.059361253441837514,0,0
2025-06-13,-0.0126342076121108,-0.029988441990054793,-0.0593370374302169,0,0
2025-06-16,0.0138139922143167,-0.030051070206558735,-0.0594282120153069,0,0
2025-06-17,-0.0097990964833964,-0.0300420866801805,-0.059405121275363675,0,0
2025-06-18,-0.0001702135536651,-0.030088020956035907,-0.0594618150899357,0,0
2025-06-20,-0.0040915189582095,-0.03009557801374396,-0.05946256816312618,0,0
2025-06-23,0.0102299916945041,-0.030109799136001886,-0.05946022728724895,0,0
2025-06-24,0.0151761928331355,-0.030083986900306097,-0.059441088370302146,0,0
2025-06-25,0.0025532511387762,-0.030086271565909848,-0.059476915074527424,0,0
2025-06-26,0.0093068371731623,-0.030017786414128528,-0.059373978574497,0,0
2025-06-27,0.0034178380946539,-0.030014411673186227,-0.05936281532932586,0,0
2025-06-30,0.0064560579006718,-0.029968731742154194,-0.05929892542420993,0,0
2025-07-01,-0.0084650964568595,-0.02989864246980405,-0.05919980296400703,0,0
2025-07-02,0.006941161930662,-0.029918702165218213,-0.05919077229546116,0,0
2025-07-03,0.0097921932731361,-0.02991508373543294,-0.05919313658338669,0,0
2025-07-07,-0.0075614549813423,-0.02990418704822622,-0.05919414766708996,0,0
2025-07-08,0.0005613884734803,-0.029925398741057194,-0.059192368708320675,0,0
2025-07-09,0.0070540059461894,-0.029928553752179725,-0.059195144604892176,0,0
2025-07-10,-0.0014392349607712,-0.029921151359736654,-0.059194069405523166,0,0
2025-07-11,-0.0022529321258648,-0.029897176939529094,-0.059158995201462485,0,0
2025-07-14,0.0036203204297819,-0.02989368676551714,-0.059154208681345015,0,0
2025-07-15,0.0009163718839957,-0.029888446195348195,-0.05915019861535869,0,0
2025-07-16,0.0010233230321619,-0.029893501300471356,-0.05915248799490942,0,0
2025-07-17,0.0080602430299352,-0.029892390939291507,-0.05912854962028218,0,0
2025-07-18,-0.000961645838827,-0.02987408749193551,-0.059076249646734066,0,0
2025-07-21,0.0051713429627735,-0.029875942522064585,-0.059078452478848,0,0
2025-07-22,-0.0051891982508891,-0.029874837095963468,-0.0590685066665605,0,0
2025-07-23,0.0045509334945395,-0.02989804399555919,-0.05908861583197324,0,0
2025-07-24,0.0021261110325339,-0.029890871946706518,-0.0590836524695524,0,0
2025-07-25,0.0024040973679904,-0.029738626295032575,-0.058834551646494794,0,0
2025-07-28,0.0031202816094912,-0.029725742626159627,-0.05881961751470575,0,0
2025-07-29,-0.0015500906103218,-0.02972353041028678,-0.058818178581922786,0,0
2025-07-30,0.001338939178626,-0.029734849785264316,-0.058824587275696276,0,0
2025-07-31,-0.0053132275457858,-0.02972258219919088,-0.05880946469045392,0,0
2025-08-01,-0.0198953984638183,-0.029733203289487576,-0.0588246687365761,0,0
2025-08-04,0.0182834198815005,-0.029831339198219207,-0.05894455073015873,0,0
2025-08-05,-0.0068126152634109,-0.029849868254275217,-0.05901426213283805,0,0
2025-08-06,0.0125046588108732,-0.029867199692253786,-0.05903961015987865,0,0
2025-08-07,0.0033786349729494,-0.02972952483109922,-0.05883641010359257,0,0
2025-08-08,0.0092849556646203,-0.029719696531596937,-0.058826636698223675,0,0
2025-08-11,-0.0029632715701994,-0.02969894598882129,-0.05881253305274129,0,0
2025-08-12,0.0124903835277514,-0.029714119896760014,-0.05882063060766278,0,0
2025-08-13,0.0004999522216388,-0.02968044694464212,-0.0587946215934074,0,0
2025-08-14,-0.0007756805790126,-0.029632375604122657,-0.058722616979628044,0,0
2025-08-15,-0.004407101127656,-0.029637938963913348,-0.058728523280001936,0,0
2025-08-18,-0.0003985686093868,-0.029629569678287945,-0.058715944335101154,0,0
2025-08-19,-0.0136603600538682,-0.0296343658995385,-0.05870347689214546,0,0
2025-08-20,-0.0059550419523155,-0.02965404599516644,-0.05873623871780816,0,0
2025-08-21,-0.0046405031057759,-0.0296295642128228,-0.05869731192543206,0,0
2025-08-22,0.0153095837425762,-0.02959751232280065,-0.058646729658154005,0,0
2025-08-25,-0.0028889039268786,-0.029600116849321203,-0.058683098989133646,0,0
2025-08-26,0.0040072589661992,-0.029600317196073245,-0.05864784819462395,0,0
2025-08-27,0.001535618928357,-0.029590231033455133,-0.05863843023896995,0,0
2025-08-28,0.0062404635740316,-0.029580086669512513,-0.05859198190461671,0,0
2025-08-29,-0.011642993718774,-0.02944024163742677,-0.05837161793562146,0,0
2025-09-02,-0.0084155195169222,-0.029498468010419734,-0.058448695455711464,0,0
2025-09-03,0.0078367528224454,-0.029537675927384942,-0.05849516737107302,0,0
2025-09-04,0.0090107422040555,-0.029497613777543178,-0.058390969624271774,0,0
2025-09-05,0.0014418639661313,-0.02949860934245994,-0.05839942718923771,0,0
2025-09-08,0.0048661340387168,-0.029500944694688704,-0.05840105434331944,0,0
2025-09-09,0.0028291373974003,-0.02949136181651087,-0.05839353973108011,0,0
2025-09-10,0.0003272074494411,-0.02948891697860153,-0.058391711756684464,0,0
2025-09-11,0.0058037087080107,-0.0294540195554116,-0.05834092314276254,0,0
2025-09-12,0.0044073952744971,-0.029420944430123674,-0.05830088086942873,0,0
2025-09-15,0.0085205706004387,-0.029417079628267895,-0.05829902362070375,0,0
2025-09-16,-0.0008454588502075,-0.029413022986029498,-0.05828507470231152,0,0
2025-09-17,-0.0019979267945098,-0.029367295216091223,-0.05821528239237825,0,0
2025-09-18,0.0089765439958755,-0.02937886822223765,-0.05822691818593461,0,0
2025-09-19,0.0067465498252357,-0.02937946721183273,-0.05822965946269896,0,0
2025-09-22,0.0059025858210839,-0.02927887464934123,-0.05807867723324044,0,0
2025-09-23,-0.0066644697162407,-0.029273525416715646,-0.05807741614466082,0,0
2025-09-24,-0.0035167693325588,-0.029291166287037686,-0.058103291707100733,0,0
2025-09-25,-0.0043205875379408,-0.02923028292612455,-0.0580052276594581,0,0
2025-09-26,0.0041024713380783,-0.02913955653339014,-0.05785491168433915,0,0
2025-09-29,0.0046204315536506,-0.029133230092582965,-0.05785004739086414,0,0
2025-09-30,0.0027354110657027,-0.029133311150178372,-0.05784998286927048,0,0
2025-10-01,0.0047855808160912,-0.02905172356162772,-0.05772447606484066,0,0
2025-10-02,0.0041026054810986,-0.029049041894457044,-0.05772385965665887,0,0
2025-10-03,-0.0042186624835318,-0.02904967643926611,-0.05771711330100949,0,0
2025-10-06,0.0074821831475988,-0.029064438463081585,-0.05773658873093148,0,0
2025-10-07,-0.0052796019804866,-0.02906406200035613,-0.057734288331170246,0,0
2025-10-08,0.0113986062576874,-0.028983713412225616,-0.05760092667529464,0,0
2025-10-09,-0.0012109747098305,-0.02897930634598097,-0.05758832426385927,0,0
2025-10-10,-0.0353311402402516,-0.028973890484141503,-0.05758103914282078,1,0
2025-10-13,0.0209993527108087,-0.029269110270620045,-0.058059157443678,0,0
2025-10-14,-0.0066833187376031,-0.029305536114114957,-0.05816030775382089,0,0
2025-10-15,0.0070320244550048,-0.029336571138074204,-0.05819783108038538,0,0
2025-10-16,-0.0037098062713596,-0.02933655779787839,-0.05819765805746824,0,0
2025-10-17,0.0065453129169741,-0.02933738268310803,-0.058198836077261805,0,0
2025-10-20,0.0125220449256557,-0.029271720688144577,-0.05810692485283648,0,0
2025-10-21,-0.0002616248776359,-0.02927410598262229,-0.058113996386275873,0,0
2025-10-22,-0.0096806736475993,-0.029265120890577347,-0.05810216079852387,0,0
2025-10-23,0.0083713216346446,-0.029242540857444512,-0.05806474328320589,0,0
2025-10-24,0.0106216926781339,-0.029197384072997042,-0.058010168183555574,0,0
2025-10-27,0.0176524652948186,-0.029116421216923538,-0.057900586793228924,0,0
2025-10-28,0.0076604937899276,-0.029135133754316873,-0.05796475936321641,0,0
2025-10-29,0.004492888585637,-0.029133755232352516,-0.05795825262264265,0,0
2025-10-30,-0.0154066728183694,-0.028957927550558114,-0.05767034760221947,0,0
2025-10-31,0.0048123292932311,-0.02892491728699172,-0.05761317687780082,0,0
2025-11-03,0.0047734455422521,-0.02892490124753735,-0.05761318846097191,0,0
2025-11-04,-0.0205069270824775,-0.028922123709967777,-0.057595625358298215,0,0
2025-11-05,0.0064868346574886,-0.029053663858207426,-0.05780463346725773,0,0
2025-11-06,-0.0188030095696127,-0.02903410095723718,-0.05774620110385608,0,0
2025-11-07,-0.0031602726758492,-0.02912674360115278,-0.05785753829548004,0,0
2025-11-10,0.0218829799169446,-0.029139196637873475,-0.05785381643621628,0,0
2025-11-11,-0.0026670535745223,-0.029179409200493337,-0.057965945723483826,0,0
2025-11-12,-0.0007886214946166,-0.02919342145573479,-0.05797048998459031,0,0
2025-11-13,-0.0206273251158561,-0.02919682804779951,-0.0579744341252536,0,0
2025-11-14,0.0007557316525659,-0.029291998940850487,-0.05813582735405598,0,0
2025-11-17,-0.0085772511217374,-0.029254555739032233,-0.05802218077989093,0,0
2025-11-18,-0.012250419067846,-0.02927857506702869,-0.05805876318313718,0,0
2025-11-19,0.0059522949576544,-0.02930221901262699,-0.05804155306479087,0,0
2025-11-20,-0.0239564950916442,-0.02929644429459948,-0.058040102249844364,0,0
2025-11-21,0.00748472449993,-0.029455116661331167,-0.058302948227782675,0,0
2025-11-24,0.0252516551567971,-0.029448435499273798,-0.058303602951516334,0,0
2025-11-25,0.0061448099801388,-0.029505131416039457,-0.05843910116274128,0,0
2025-11-26,0.0087969512203489,-0.029478229166945973,-0.0584092005939541,0,0
2025-11-28,0.0080744656698161,-0.02947806796471005,-0.05841778560572509,0,0
2025-12-01,-0.0033645833629609,-0.02946727634158182,-0.05841463649753568,0,0
2025-12-02,0.007795607732671,-0.029474911711540455,-0.05842483442643059,0,0
2025-12-03,0.0024407801753945,-0.029472428862976047,-0.05842976753758939,0,0
2025-12-04,-0.0009306630320802,-0.029465387756442807,-0.05842247435775982,0,0
2025-12-05,0.0040691138667972,-0.029460738203303444,-0.058416395351023546,0,0
2025-12-08,-0.0019202911458764,-0.02945939567418144,-0.05841607594424842,0,0
2025-12-09,0.0012325944034703,-0.02942745925904359,-0.05836772883067925,0,0
2025-12-10,0.0040873041007625,-0.029429586250363803,-0.05836947219327398,0,0
2025-12-11,-0.0032396843786397,-0.02940353974777094,-0.058337307422349764,0,0
2025-12-12,-0.0193034106404192,-0.029411239580120443,-0.05832001253259104,0,0
2025-12-15,-0.0050320606075437,-0.029528518298160902,-0.058504069322709615,0,0
2025-12-16,0.001979926841737,-0.029551378024014384,-0.05852312056825814,0,0
2025-12-17,-0.0187109918677697,-0.029554626696611946,-0.05851821896915396,0,0
